{"IcoMoonType":"selection","icons":[{"icon":{"paths":["M64 512h768c0 0.003 0 0.006 0 0.009 0 201.548-115.165 376.198-283.279 461.733l-2.941 1.358-97.78 48.9-97.78-48.9c-171.055-86.893-286.22-261.543-286.22-463.091 0-0.003 0-0.006 0-0.010l-0 0z","M896 320v64c0 35.346-28.654 64-64 64v0h-768c-35.346 0-64-28.654-64-64v0-64c0-106.039 85.961-192 192-192v0h212c10.115-45.431 30.681-85.021 59.089-117.595l-0.269 0.315c5.583-6.3 13.606-10.329 22.573-10.599l0.047-0.001c0.517-0.031 1.121-0.048 1.729-0.048 8.746 0 16.642 3.636 22.261 9.478l0.010 0.010 22.56 22.64c5.776 5.788 9.348 13.778 9.348 22.603 0 8.146-3.044 15.582-8.057 21.231l0.029-0.033c-12.665 14.744-22.938 31.994-29.94 50.834l-0.38 1.166h201c106.039 0 192 85.961 192 192v0z"],"attrs":[{},{}],"width":896,"isMulticolor":false,"isMulticolor2":false,"grid":0,"tags":["acorn"]},"attrs":[{},{}],"properties":{"order":11,"id":0,"name":"acorn","prevSize":32,"code":59648},"setIdx":0,"setId":4,"iconIdx":0}],"height":1024,"metadata":{"name":"icons"},"preferences":{"showGlyphs":true,"showQuickUse":true,"showQuickUse2":true,"showSVGs":true,"fontPref":{"prefix":"_icon-","metadata":{"fontFamily":"icons","majorVersion":1,"minorVersion":0},"metrics":{"emSize":1024,"baseline":6.25,"whitespace":50},"embed":false,"noie8":true,"ie7":false},"imagePref":{"prefix":"icon-","png":true,"useClassSelector":true,"color":0,"bgColor":16777215,"classSelector":".icon"},"historySize":50,"showCodes":true,"gridSize":16}}